order,family,genus,art,art_id,color
Aquifoliales,Aquifoliaceae,Ilex,Ilex aquifolium,1,#C9E120
Aquifoliales,Aquifoliaceae,Ilex,Ilex meserveae,2,#C8E020
Aquifoliales,Aquifoliaceae,Ilex,Ilex sp.,3,#C7E020
Araucariales,Araucariaceae,Araucaria,Araucaria araucana,4,#C6E021
Arecales,Arecaceae,Trachycarpus,Trachycarpus fortunei,5,#C4E021
Buxales,Buxaceae,Buxus,Buxus sp.,6,#C3DF22
Celastrales,Celastraceae,Euonymus,Euonymus alata,7,#C2DF23
Celastrales,Celastraceae,Euonymus,Euonymus europaeus,8,#C1DF24
Celastrales,Celastraceae,Euonymus,Euonymus latifolius,9,#C0DF25
Celastrales,Celastraceae,Euonymus,Euonymus sachaliensis,10,#BFDF25
Celastrales,Celastraceae,Euonymus,Euonymus sp.,11,#BDDF26
Cornales,Cornaceae,Cornus,Cornus contreversa,12,#BCDF26
Cornales,Cornaceae,Cornus,Cornus kousa,13,#BBDE27
Cornales,Cornaceae,Cornus,Cornus mas,14,#BADE28
Cornales,Cornaceae,Cornus,Cornus sanguinea,15,#B9DE29
Cornales,Cornaceae,Cornus,Cornus sp.,16,#B8DE29
Cornales,Hydrangeaceae,Hydrangea,Hydrangea arboreum,17,#B7DE2A
Cornales,Nyssaceae,Davidia,Davidia involucrata,18,#B5DE2B
Cornales,Nyssaceae,Nyssa,Nyssa sylvatica,19,#B4DE2C
Crossosomatales,Staphyleaceae,Staphylea,Staphylea colchica,20,#B2DD2D
Cupressales,Cupressaceae,Calocedrus,Calocedrus decurrens,21,#B1DD2E
Cupressales,Cupressaceae,Chamaecyparis,Chamaecyparis lawsoniana,22,#B1DD2E
Cupressales,Cupressaceae,Chamaecyparis,Chamaecyparis obtusa,23,#B0DD2F
Cupressales,Cupressaceae,Chamaecyparis,Chamaecyparis sp.,24,#AEDC30
Cupressales,Cupressaceae,Cryptomeria,Cryptomeria japonica,25,#ADDC30
Cupressales,Cupressaceae,Cunninghamia,Cunninghamia lanceolata,26,#ABDC31
Cupressales,Cupressaceae,Juniperus,Juniperus communis,27,#AADC32
Cupressales,Cupressaceae,Juniperus,Juniperus sp.,28,#A9DC33
Cupressales,Cupressaceae,Juniperus,Juniperus virginiana,29,#A8DB34
Cupressales,Cupressaceae,Metasequoia,Metasequoia glyptostroboides,30,#A7DB35
Cupressales,Cupressaceae,Sequoia,Sequoia sempervirens,31,#A6DB35
Cupressales,Cupressaceae,Sequoiadendron,Sequoiadendron giganteum,32,#A4DB36
Cupressales,Cupressaceae,Taxodium,Taxodium distichum,33,#A3DA37
Cupressales,Cupressaceae,Thuja,Thuja occidentalis,34,#A2DA37
Cupressales,Cupressaceae,Thuja,Thuja sp.,35,#A1DA38
Cupressales,Cupressaceae,Thujopsis,Thujopsis dolabrata,36,#A0DA39
Cupressales,Taxaceae,Cephalotaxus,Cephalotaxus harringtonia,37,#9FDA3A
Cupressales,Taxaceae,Taxus,Taxus baccata,38,#9DD93B
Cupressales,Taxaceae,Taxus,Taxus sp.,39,#9CD93B
Cupressales,Taxaceae,Torreya,Torreya californica,40,#9CD93C
Cupressales,Taxaceae,Torreya,Torreya nucifera,41,#9BD93C
Dipsacales,Adoxaceae,Sambucus,Sambucus nigra,42,#99D83D
Dipsacales,Adoxaceae,Sambucus,Sambucus sp.,43,#98D83E
Dipsacales,Adoxaceae,Viburnum,Viburnum hybr. bodnantense,44,#96D83F
Dipsacales,Adoxaceae,Viburnum,Viburnum opulus,45,#95D840
Dipsacales,Caprifoliaceae,Heptacodium,Heptacodium miconioides,46,#94D840
Dipsacales,Caprifoliaceae,Kolkwitzia,Kolkwitzia amabilis,47,#93D741
Dipsacales,Caprifoliaceae,Symphoricapos,Symphoricapos albus,48,#92D741
Ericales,Ericaceae,Rhododendron,Rhododendron sp.,49,#91D743
Ericales,Ericaceae,Rhododendron,Rhododendron williamsianum,50,#90D743
Ericales,Styracaceae,Styrax,Styrax japonica,51,#8FD644
Fabales,Fabaceae,+Laburnocytisus,+Laburnocytisus adami,52,#8ED645
Fabales,Fabaceae,Albizia,Albizia julibrissin,53,#8DD645
Fabales,Fabaceae,Cercis,Cercis canadensis,54,#8BD646
Fabales,Fabaceae,Cercis,Cercis siliquastrum,55,#8AD647
Fabales,Fabaceae,Cladrastis,Cladrastis lutea,56,#89D548
Fabales,Fabaceae,Colutea,Colutea arborescens,57,#88D548
Fabales,Fabaceae,Gleditsia,Gleditsia sp.,58,#87D549
Fabales,Fabaceae,Gleditsia,Gleditsia triacanthos,59,#86D549
Fabales,Fabaceae,Gymnocladus,Gymnocladus dioicus,60,#85D54A
Fabales,Fabaceae,Laburnum,Laburnum sp.,61,#84D44B
Fabales,Fabaceae,Laburnum,Laburnum watereri,62,#83D34C
Fabales,Fabaceae,Robinia,Robinia hybr. margaretta,63,#81D34D
Fabales,Fabaceae,Robinia,Robinia luxurians,64,#80D34D
Fabales,Fabaceae,Robinia,Robinia pseudoacacia,65,#80D34E
Fabales,Fabaceae,Robinia,Robinia sp.,66,#7ED34F
Fabales,Fabaceae,Styphnolobium,Styphnolobium japonica,67,#7DD250
Fabales,Fabaceae,Styphnolobium,Styphnolobium sp.,68,#7CD250
Fagales,Betulaceae,Alnus,Alnus cordata,69,#7BD151
Fagales,Betulaceae,Alnus,Alnus glutinosa,70,#7AD151
Fagales,Betulaceae,Alnus,Alnus incana,71,#79D152
Fagales,Betulaceae,Alnus,Alnus inokumae,72,#77D153
Fagales,Betulaceae,Alnus,Alnus sp.,73,#76D153
Fagales,Betulaceae,Alnus,Alnus spaethii,74,#75D054
Fagales,Betulaceae,Betula,Betula albosinensis,75,#75D054
Fagales,Betulaceae,Betula,Betula ermanii,76,#74D056
Fagales,Betulaceae,Betula,Betula hybr.,77,#72D056
Fagales,Betulaceae,Betula,Betula maximowicziana,78,#71D057
Fagales,Betulaceae,Betula,Betula nigra,79,#70CF57
Fagales,Betulaceae,Betula,Betula papyrifera,80,#6FCE57
Fagales,Betulaceae,Betula,Betula pendula,81,#6ECE58
Fagales,Betulaceae,Betula,Betula pubescens,82,#6DCE59
Fagales,Betulaceae,Betula,Betula sp.,83,#6CCD5A
Fagales,Betulaceae,Betula,Betula utilis,84,#6BCD5A
Fagales,Betulaceae,Carpinus,Carpinus betulus,85,#6ACD5B
Fagales,Betulaceae,Carpinus,Carpinus sp.,86,#68CD5B
Fagales,Betulaceae,Corylus,Corylus americana,87,#68CD5B
Fagales,Betulaceae,Corylus,Corylus avellana,88,#67CC5C
Fagales,Betulaceae,Corylus,Corylus colurna,89,#66CB5D
Fagales,Betulaceae,Corylus,Corylus sp.,90,#65CB5E
Fagales,Betulaceae,Ostrya,Ostrya carpinifolia,91,#64CB5F
Fagales,Betulaceae,Ostrya,Ostrya sp.,92,#63CB5F
Fagales,Fagaceae,Castanea,Castanea sativa,93,#62CB5F
Fagales,Fagaceae,Castanea,Castanea sp.,94,#61CA60
Fagales,Fagaceae,Fagus,Fagus orientalis,95,#5FCA60
Fagales,Fagaceae,Fagus,Fagus sp.,96,#5FC961
Fagales,Fagaceae,Fagus,Fagus sylvatica,97,#5EC962
Fagales,Fagaceae,Quercus,Quercus cerris,98,#5DC863
Fagales,Fagaceae,Quercus,Quercus coccinea,99,#5CC863
Fagales,Fagaceae,Quercus,Quercus frainetto,100,#5BC863
Fagales,Fagaceae,Quercus,Quercus hybr. turneri,101,#5AC864
Fagales,Fagaceae,Quercus,Quercus ilex,102,#59C864
Fagales,Fagaceae,Quercus,Quercus macranthera,103,#59C765
Fagales,Fagaceae,Quercus,Quercus palustris,104,#58C765
Fagales,Fagaceae,Quercus,Quercus petraea,105,#57C666
Fagales,Fagaceae,Quercus,Quercus phellos,106,#56C667
Fagales,Fagaceae,Quercus,Quercus pontica,107,#55C568
Fagales,Fagaceae,Quercus,Quercus pubescens,108,#54C568
Fagales,Fagaceae,Quercus,Quercus robur,109,#53C568
Fagales,Fagaceae,Quercus,Quercus rubra,110,#52C569
Fagales,Fagaceae,Quercus,Quercus sp.,111,#51C569
Fagales,Juglandaceae,Juglans,Juglans nigra,112,#51C46A
Fagales,Juglandaceae,Juglans,Juglans regia,113,#50C46A
Fagales,Juglandaceae,Juglans,Juglans sp.,114,#4FC36B
Fagales,Juglandaceae,Pterocarya,Pterocarya fraxinifolia,115,#4EC36B
Fagales,Juglandaceae,Pterocarya,Pterocarya rhederiana,116,#4DC36C
Fagales,Juglandaceae,Pterocarya,Pterocarya rhoifolia,117,#4CC26C
Fagales,Juglandaceae,Pterocarya,Pterocarya sp.,118,#4BC26C
Fagales,Nothofagaceae,Nothofagus,Nothofagus antarctica,119,#4AC16D
Garryales,Eucommiaceae,Eucommia,Eucommia ulmoides,120,#49C16D
Ginkgoales,Ginkgoaceae,Ginkgo,Ginkgo biloba,121,#49C16E
Lamiales,Bignoniaceae,Catalpa,Catalpa bignonioides,122,#48C16E
Lamiales,Bignoniaceae,Catalpa,Catalpa hybr. erubescens,123,#47C06F
Lamiales,Oleaceae,Fraxinus,Fraxinus americana,124,#46C06F
Lamiales,Oleaceae,Fraxinus,Fraxinus angustifolia,125,#45BF6F
Lamiales,Oleaceae,Fraxinus,Fraxinus excelsior,126,#44BF70
Lamiales,Oleaceae,Fraxinus,Fraxinus ornus,127,#43BF70
Lamiales,Oleaceae,Fraxinus,Fraxinus pennsylvanica,128,#42BE71
Lamiales,Oleaceae,Fraxinus,Fraxinus sp.,129,#41BE71
Lamiales,Oleaceae,Osmanthus,Osmanthus heterophyllus,130,#41BD72
Lamiales,Oleaceae,Phillyrea,Phillyrea vilmoriniana,131,#40BD72
Lamiales,Oleaceae,Syringa,Syringa vulgaris,132,#3FBC73
Lamiales,Paulowniaceae,Paulownia,Paulownia tomentosa,133,#3FBC73
Lamiales,Scrophulariaceae,Buddleja,Buddleja davidii,134,#3EBC73
Laurales,Calycanthaceae,Calycanthus,Calycanthus floridus,135,#3DBC74
Magnoliales,Annonaceae,Asimina,Asimina triloba,136,#3CBC74
Magnoliales,Magnoliaceae,Liriodendron,Liriodendron tulipifera,137,#3BBB75
Magnoliales,Magnoliaceae,Magnolia,Magnolia hybr.,138,#3BBB75
Magnoliales,Magnoliaceae,Magnolia,Magnolia hybr. loebneri,139,#3ABA76
Magnoliales,Magnoliaceae,Magnolia,Magnolia hybr. soulangeana,140,#3ABA76
Magnoliales,Magnoliaceae,Magnolia,Magnolia hybr. thompsoniana,141,#39B977
Magnoliales,Magnoliaceae,Magnolia,Magnolia kobus,142,#38B977
Magnoliales,Magnoliaceae,Magnolia,Magnolia sp.,143,#38B977
Malpighiales,Salicaceae,Populus,Populus acuminata,144,#37B878
Malpighiales,Salicaceae,Populus,Populus alba,145,#36B879
Malpighiales,Salicaceae,Populus,Populus balsamifera,146,#35B779
Malpighiales,Salicaceae,Populus,Populus hybr. canadensis,147,#35B779
Malpighiales,Salicaceae,Populus,Populus hybr. canescens,148,#34B679
Malpighiales,Salicaceae,Populus,Populus hybr. gileadensis,149,#34B679
Malpighiales,Salicaceae,Populus,Populus koreana,150,#33B67A
Malpighiales,Salicaceae,Populus,Populus lasiocarpa,151,#32B67A
Malpighiales,Salicaceae,Populus,Populus nigra,152,#32B67A
Malpighiales,Salicaceae,Populus,Populus simonii,153,#31B57B
Malpighiales,Salicaceae,Populus,Populus sp.,154,#30B57C
Malpighiales,Salicaceae,Populus,Populus tremula,155,#2FB47C
Malpighiales,Salicaceae,Populus,Populus trichocarpa,156,#2FB47C
Malpighiales,Salicaceae,Salix,Salix alba,157,#2EB37C
Malpighiales,Salicaceae,Salix,Salix aurita,158,#2EB37C
Malpighiales,Salicaceae,Salix,Salix caprea,159,#2DB27D
Malpighiales,Salicaceae,Salix,Salix matsudana,160,#2DB27D
Malpighiales,Salicaceae,Salix,Salix pentandra,161,#2DB17E
Malpighiales,Salicaceae,Salix,Salix purpurea,162,#2CB17E
Malpighiales,Salicaceae,Salix,Salix sp.,163,#2BB17E
Malvales,Malvaceae,Hibiscus,Hibiscus syriacus,164,#2AB07F
Malvales,Malvaceae,Tilia,Tilia cordata,165,#2AB07F
Malvales,Malvaceae,Tilia,Tilia euchlora,166,#29AF7F
Malvales,Malvaceae,Tilia,Tilia hybr. europaea,167,#29AF7F
Malvales,Malvaceae,Tilia,Tilia platyphyllos,168,#28AE7F
Malvales,Malvaceae,Tilia,Tilia sp.,169,#28AE80
Malvales,Malvaceae,Tilia,Tilia tomentosa,170,#27AD81
Pinales,Pinaceae,Abies,Abies concolor,171,#27AD81
Pinales,Pinaceae,Abies,Abies nordmanniana,172,#27AD81
Pinales,Pinaceae,Abies,Abies pinsabo,173,#26AD81
Pinales,Pinaceae,Abies,Abies procera,174,#26AD81
Pinales,Pinaceae,Abies,Abies sp.,175,#25AC82
Pinales,Pinaceae,Cedrus,Cedrus atlantica,176,#25AC82
Pinales,Pinaceae,Cedrus,Cedrus deodara,177,#25AB82
Pinales,Pinaceae,Cedrus,Cedrus libani,178,#25AB82
Pinales,Pinaceae,Cedrus,Cedrus sp.,179,#25AA83
Pinales,Pinaceae,Larix,Larix decidua,180,#24AA83
Pinales,Pinaceae,Larix,Larix hybr. eurolepis,181,#24AA83
Pinales,Pinaceae,Larix,Larix kaempferi,182,#23A983
Pinales,Pinaceae,Larix,Larix sp.,183,#23A983
Pinales,Pinaceae,Picea,Picea abies,184,#22A884
Pinales,Pinaceae,Picea,Picea glauca,185,#22A884
Pinales,Pinaceae,Picea,Picea omorika,186,#22A785
Pinales,Pinaceae,Picea,Picea orientalis,187,#22A785
Pinales,Pinaceae,Picea,Picea pungens,188,#21A685
Pinales,Pinaceae,Picea,Picea sp.,189,#21A685
Pinales,Pinaceae,Pinus,Pinus bungeana,190,#21A685
Pinales,Pinaceae,Pinus,Pinus cembra,191,#21A585
Pinales,Pinaceae,Pinus,Pinus mugo,192,#21A585
Pinales,Pinaceae,Pinus,Pinus nigra,193,#20A486
Pinales,Pinaceae,Pinus,Pinus parviflora,194,#20A486
Pinales,Pinaceae,Pinus,Pinus peuce,195,#20A386
Pinales,Pinaceae,Pinus,Pinus ponderosa,196,#20A386
Pinales,Pinaceae,Pinus,Pinus sp.,197,#20A387
Pinales,Pinaceae,Pinus,Pinus strobus,198,#1FA287
Pinales,Pinaceae,Pinus,Pinus sylvestris,199,#1FA287
Pinales,Pinaceae,Pinus,Pinus tabuliformis,200,#1FA187
Pinales,Pinaceae,Pinus,Pinus wallichiana,201,#1FA187
Pinales,Pinaceae,Pseudotsuga,Pseudotsuga menziesii,202,#1FA188
Pinales,Pinaceae,Pseudotsuga,Pseudotsuga sp.,203,#1FA188
Pinales,Pinaceae,Tsuga,Tsuga canadensis,204,#1FA088
Pinales,Pinaceae,Tsuga,Tsuga diversifolia,205,#1FA088
Pinales,Pinaceae,Tsuga,Tsuga mertensiana,206,#1F9F88
Pinales,Pinaceae,Tsuga,Tsuga sp.,207,#1F9F88
Proteales,Platanaceae,Platanus,Platanus hybr. acerifolia,208,#1F9F88
Proteales,Platanaceae,Platanus,Platanus orientalis,209,#1F9E89
Proteales,Platanaceae,Platanus,Platanus sp.,210,#1F9E89
Rosales,Cannabaceae,Celtis,Celtis australis,211,#1E9D89
Rosales,Cannabaceae,Celtis,Celtis sinesis,212,#1E9D89
Rosales,Elaeagnaceae,Elaeagnus,Elaeagnus angustifolia,213,#1E9C89
Rosales,Elaeagnaceae,Hippophaë,Hippophaë rhamnoides,214,#1E9C89
Rosales,Moraceae,Broussonetia,Broussonetia papyrifera,215,#1E9C89
Rosales,Moraceae,Maclura,Maclura pomifera,216,#1E9B8A
Rosales,Moraceae,Morus,Morus alba,217,#1E9B8A
Rosales,Moraceae,Morus,Morus nigra,218,#1F9A8A
Rosales,Rhamnaceae,Rhamnus,Rhamnus catharticus,219,#1F9A8A
Rosales,Rhamnaceae,Rhamnus,Rhamnus frangula,220,#1F998A
Rosales,Rhamnaceae,Rhamnus,Rhamnus imeritinus,221,#1F998A
Rosales,Rhamnaceae,Rhamnus,Rhamnus sp.,222,#1F988B
Rosales,Rosaceae,Amelanchier,Amelanchier arborea,223,#1F988B
Rosales,Rosaceae,Amelanchier,Amelanchier canadensis,224,#1F988B
Rosales,Rosaceae,Amelanchier,Amelanchier hybr. grandiflora,225,#1F978B
Rosales,Rosaceae,Amelanchier,Amelanchier laevis,226,#1F978B
Rosales,Rosaceae,Amelanchier,Amelanchier lamarckii,227,#1F968B
Rosales,Rosaceae,Amelanchier,Amelanchier sp.,228,#1F968B
Rosales,Rosaceae,Aronia,Aronia melanocarpa,229,#1F958B
Rosales,Rosaceae,Aronia,Aronia prunifolia,230,#1F958B
Rosales,Rosaceae,Cotoneaster,Cotoneaster sp.,231,#1F948C
Rosales,Rosaceae,Crataegus,Crataegus crus-galli,232,#1F948C
Rosales,Rosaceae,Crataegus,Crataegus douglasii,233,#1F948C
Rosales,Rosaceae,Crataegus,Crataegus intricata,234,#20938C
Rosales,Rosaceae,Crataegus,Crataegus laevigata,235,#20928C
Rosales,Rosaceae,Crataegus,Crataegus lavallei,236,#20928C
Rosales,Rosaceae,Crataegus,Crataegus monogyna,237,#20928C
Rosales,Rosaceae,Crataegus,Crataegus prunifolia,238,#20928C
Rosales,Rosaceae,Crataegus,Crataegus sp.,239,#20928C
Rosales,Rosaceae,Crataegus,Crataegus submollis,240,#21928C
Rosales,Rosaceae,Cydonia,Cydonia oblonga,241,#21918C
Rosales,Rosaceae,Cydonia,Cydonia sp.,242,#21918C
Rosales,Rosaceae,Kerria,Kerria japonica,243,#21908D
Rosales,Rosaceae,Malus,Malus baccata,244,#21908D
Rosales,Rosaceae,Malus,Malus domestica,245,#218F8D
Rosales,Rosaceae,Malus,Malus hybr.,246,#218F8D
Rosales,Rosaceae,Malus,Malus hybr. floribunda,247,#218E8D
Rosales,Rosaceae,Malus,Malus hybr. robusta,248,#218E8D
Rosales,Rosaceae,Malus,Malus ioensis,249,#228D8D
Rosales,Rosaceae,Malus,Malus sargentii,250,#228D8D
Rosales,Rosaceae,Malus,Malus sieboldii,251,#228C8D
Rosales,Rosaceae,Malus,Malus sp.,252,#228C8D
Rosales,Rosaceae,Malus,Malus sylvestris,253,#228C8D
Rosales,Rosaceae,Malus,Malus toringo,254,#228B8D
Rosales,Rosaceae,Malus,Malus trilobata,255,#228B8D
Rosales,Rosaceae,Malus,Malus tschonoskii,256,#238A8D
Rosales,Rosaceae,Mespilus,Mespilus germanica,257,#238A8D
Rosales,Rosaceae,Mespilus,Mespilus sp.,258,#23898E
Rosales,Rosaceae,Physocarpus,Physocarpus opulifolius,259,#23898E
Rosales,Rosaceae,Prunus,Prunus americana,260,#23888E
Rosales,Rosaceae,Prunus,Prunus avium,261,#23888E
Rosales,Rosaceae,Prunus,Prunus cerasifera,262,#23888E
Rosales,Rosaceae,Prunus,Prunus cerasus,263,#24878E
Rosales,Rosaceae,Prunus,Prunus domestica,264,#24878E
Rosales,Rosaceae,Prunus,Prunus hybr.,265,#24868E
Rosales,Rosaceae,Prunus,Prunus hybr. amygdalo-persica,266,#24868E
Rosales,Rosaceae,Prunus,Prunus hybr. hilleri,267,#25858E
Rosales,Rosaceae,Prunus,Prunus hybr. yedoensis,268,#25858E
Rosales,Rosaceae,Prunus,Prunus maackii,269,#25848E
Rosales,Rosaceae,Prunus,Prunus mahaleb,270,#25848E
Rosales,Rosaceae,Prunus,Prunus padus,271,#25848E
Rosales,Rosaceae,Prunus,Prunus persica,272,#25838E
Rosales,Rosaceae,Prunus,Prunus sachalinensis,273,#25838E
Rosales,Rosaceae,Prunus,Prunus sargentii,274,#26828E
Rosales,Rosaceae,Prunus,Prunus serrula,275,#26828E
Rosales,Rosaceae,Prunus,Prunus serrulata,276,#26828E
Rosales,Rosaceae,Prunus,Prunus sp.,277,#26828E
Rosales,Rosaceae,Prunus,Prunus spinosa,278,#26828E
Rosales,Rosaceae,Prunus,Prunus subhirtella,279,#26818E
Rosales,Rosaceae,Prunus,Prunus umineko,280,#26818E
Rosales,Rosaceae,Prunus,Prunus yedoensis,281,#27808E
Rosales,Rosaceae,Pyrus,Pyrus calleryana,282,#27808E
Rosales,Rosaceae,Pyrus,Pyrus caucasica,283,#277F8E
Rosales,Rosaceae,Pyrus,Pyrus communis,284,#277F8E
Rosales,Rosaceae,Pyrus,Pyrus nivalis,285,#277E8E
Rosales,Rosaceae,Pyrus,Pyrus piperitum,286,#277E8E
Rosales,Rosaceae,Pyrus,Pyrus sp.,287,#287E8E
Rosales,Rosaceae,Rosa,Rosa sp.,288,#287D8E
Rosales,Rosaceae,Sorbaria,Sorbaria arborea,289,#287D8E
Rosales,Rosaceae,Sorbus,Sorbus alnifolia,290,#287C8E
Rosales,Rosaceae,Sorbus,Sorbus americana,291,#287C8E
Rosales,Rosaceae,Sorbus,Sorbus aria,292,#297B8E
Rosales,Rosaceae,Sorbus,Sorbus aucuparia,293,#297B8E
Rosales,Rosaceae,Sorbus,Sorbus commixta,294,#297A8E
Rosales,Rosaceae,Sorbus,Sorbus domestica,295,#297A8E
Rosales,Rosaceae,Sorbus,Sorbus hybrida,296,#297A8E
Rosales,Rosaceae,Sorbus,Sorbus incana,297,#29798E
Rosales,Rosaceae,Sorbus,Sorbus intermedia,298,#29798E
Rosales,Rosaceae,Sorbus,Sorbus latifolia,299,#2A788E
Rosales,Rosaceae,Sorbus,Sorbus mougeotii,300,#2A788E
Rosales,Rosaceae,Sorbus,Sorbus sp.,301,#2A778E
Rosales,Rosaceae,Sorbus,Sorbus torminalis,302,#2A778E
Rosales,Ulmaceae,Ulmus,Ulmus hybr.,303,#2A768E
Rosales,Ulmaceae,Ulmus,Ulmus laevis,304,#2A768E
Rosales,Ulmaceae,Ulmus,Ulmus minor,305,#2A768E
Rosales,Ulmaceae,Ulmus,Ulmus sp.,306,#2B758E
Rosales,Ulmaceae,Zelkova,Zelkova serrata,307,#2B758E
Sapindales,Anacardiaceae,Cotinus,Cotinus coggygria,308,#2B748E
Sapindales,Anacardiaceae,Pistacie,Pistacie chinensis,309,#2B748E
Sapindales,Anacardiaceae,Rhus,Rhus glabra,310,#2C738E
Sapindales,Anacardiaceae,Rhus,Rhus potaninii,311,#2C738E
Sapindales,Anacardiaceae,Rhus,Rhus typhina,312,#2C728E
Sapindales,Anacardiaceae,Rhus,Rhus vernciflua,313,#2C728E
Sapindales,Rutaceae,Phellodendron,Phellodendron amurense,314,#2C718E
Sapindales,Rutaceae,Poncirus,Poncirus trifoliatus,315,#2C718E
Sapindales,Rutaceae,Tetradium,Tetradium daniellii,316,#2C718E
Sapindales,Rutaceae,Zanthoxylum,Zanthoxylum americanum,317,#2D718E
Sapindales,Rutaceae,Zanthoxylum,Zanthoxylum piperitum,318,#2D718E
Sapindales,Sapindaceae,Acer,Acer argutum,319,#2D708E
Sapindales,Sapindaceae,Acer,Acer betulifolia,320,#2D708E
Sapindales,Sapindaceae,Acer,Acer buergeranium,321,#2E6F8E
Sapindales,Sapindaceae,Acer,Acer campestre,322,#2E6F8E
Sapindales,Sapindaceae,Acer,Acer capillipes,323,#2E6F8E
Sapindales,Sapindaceae,Acer,Acer cappadonicum,324,#2E6E8E
Sapindales,Sapindaceae,Acer,Acer carpinifolium,325,#2E6E8E
Sapindales,Sapindaceae,Acer,Acer circinatum,326,#2E6D8E
Sapindales,Sapindaceae,Acer,Acer cissifolia,327,#2E6D8E
Sapindales,Sapindaceae,Acer,Acer crataegifolium,328,#2F6C8E
Sapindales,Sapindaceae,Acer,Acer davidii,329,#2F6C8E
Sapindales,Sapindaceae,Acer,Acer elegantuleum,330,#2F6B8E
Sapindales,Sapindaceae,Acer,Acer ginnala,331,#2F6B8E
Sapindales,Sapindaceae,Acer,Acer globosum,332,#306A8E
Sapindales,Sapindaceae,Acer,Acer griseum,333,#306A8E
Sapindales,Sapindaceae,Acer,Acer hybr. freemanii,334,#306A8E
Sapindales,Sapindaceae,Acer,Acer hybr. zoeschense,335,#30698E
Sapindales,Sapindaceae,Acer,Acer hyrcanum,336,#30698E
Sapindales,Sapindaceae,Acer,Acer japonica,337,#31688E
Sapindales,Sapindaceae,Acer,Acer micranthum,338,#31688E
Sapindales,Sapindaceae,Acer,Acer monspessulanum,339,#31678E
Sapindales,Sapindaceae,Acer,Acer negundo,340,#31678E
Sapindales,Sapindaceae,Acer,Acer nikoensis,341,#31668E
Sapindales,Sapindaceae,Acer,Acer palmatum,342,#31668E
Sapindales,Sapindaceae,Acer,Acer pensylvanicum,343,#31668E
Sapindales,Sapindaceae,Acer,Acer platanoides,344,#32658E
Sapindales,Sapindaceae,Acer,Acer pseudoplatanus,345,#32658E
Sapindales,Sapindaceae,Acer,Acer pseudosieboldianum,346,#32648E
Sapindales,Sapindaceae,Acer,Acer rubrum,347,#32648E
Sapindales,Sapindaceae,Acer,Acer rufinerve,348,#33638D
Sapindales,Sapindaceae,Acer,Acer saccharinum,349,#33638D
Sapindales,Sapindaceae,Acer,Acer saccharum,350,#33628D
Sapindales,Sapindaceae,Acer,Acer sp.,351,#33628D
Sapindales,Sapindaceae,Acer,Acer tataricum,352,#33628D
Sapindales,Sapindaceae,Aesculus,Aesculus flava,353,#34618D
Sapindales,Sapindaceae,Aesculus,Aesculus glabra,354,#34618D
Sapindales,Sapindaceae,Aesculus,Aesculus hippocastanum,355,#34608D
Sapindales,Sapindaceae,Aesculus,Aesculus hybr. carnea,356,#34608D
Sapindales,Sapindaceae,Aesculus,Aesculus parviflora,357,#355F8D
Sapindales,Sapindaceae,Aesculus,Aesculus sp.,358,#355F8D
Sapindales,Sapindaceae,Koelreuteria,Koelreuteria paniculata,359,#355E8D
Sapindales,Simaroubaceae,Ailanthus,Ailanthus altissima (han),360,#355E8D
Sapindales,Simaroubaceae,Ailanthus,Ailanthus altissima (hun),361,#355E8D
Sapindales,Simaroubaceae,Ailanthus,Ailanthus sp.,362,#365D8D
Saxifragales,Altingiaceae,Liquidambar,Liquidambar sp.,363,#365D8D
Saxifragales,Altingiaceae,Liquidambar,Liquidambar styraciflua,364,#365C8D
Saxifragales,Cercidiphyllaceae,Cercidiphyllum,Cercidiphyllum japonicum,365,#365C8D
Saxifragales,Grossulariaceae,Ribes,Ribes nigrum,366,#375B8D
Saxifragales,Grossulariaceae,Ribes,Ribes rubrum,367,#375B8D
Saxifragales,Grossulariaceae,Ribes,Ribes uva-crispa,368,#375B8D
Saxifragales,Hamamelidaceae,Fothergilla,Fothergilla major,369,#375A8C
Saxifragales,Hamamelidaceae,Hamamelis,Hamamelis hybr. intermedia,370,#375A8C
Saxifragales,Hamamelidaceae,Hamamelis,Hamamelis sp.,371,#38598C
Saxifragales,Hamamelidaceae,Parrotia,Parrotia persica,372,#38598C
Trochodendrales,Trochodendraceae,Trochodendron,Trochodendron araliodes,373,#38588C
NA,NA,NA,Ikke registreret,374,#38588C
