raw_dansk_navn,common_name,n
Park-Lind,Parklind,2238
Hestekastanie,Hestekastanje,1186
Stilk-eg,Stilkeg,1135
Rød-ask,Rødask,662
Bøg,Almindelig bøg,537
Tretorn,Almindelig tretorn,362
Paradisæble,Paradisæble 'Evereste',331
Vortebrik,Vortebirk,273
Elm 'New Horizon',Hybridelm 'New Horizon',261
Pyramide avnbøg,Pyramideavnbøg,261
Søjleformet almindelig eg,Søjleformet stilkeg,225
rød-el,Rødel,222
Frynse-eg,Frynseeg,199
"Almindelig hæg, enstammet",Almindelig hæg,194
"Prunus umineko, ikke navngivet på dansk",Prydkirsebær,159
"Birk, pollenfri",Fligbladet birk (pollenfri),154
Elm 'Rebona',Hybridelm 'Rebona',143
Rød-el,Rødel,131
Paradisæble,Paradisæble 'Braendkjaer',114
Elm 'Columella',Hybridelm 'Columella',95
Ægte kastanie,Ægte kastanje,92
Dværgcypres,Dværgcypres/Ædelcypres,87
Elm 'Lobel',Hybridelm 'Lobel',87
Paradisæble,Paradisæble 'Butterball',80
Grå el,Gråel,76
Skyrækker (hun),Skyrækker,65
Skyrækker (han),Skyrækker,61
Ambertræ,Virginsk ambratræ,61
"Pyrus caucasica, ikke navngivet på dansk",Prydpære,58
Paradisæble,Paradisæble 'Gorgeous',57
Kirsebærblomme/Mirabel,Blodblomme,55
Ungarsk lind,Sølvlind,51
Malus sieboldii,Japansk prydæble,46
Manna ask,Manna-ask,39
Hvidtjørn,Engriflet hvidtjørn,36
Almindelig Sumpcypres,Almindelig sumpcypres,34
Poppel,Landevejspoppel,33
Rød hestekastanie,Rød hestekastanje,32
Amerikansk ask 'Skyline',Amerikansk ask,31
Almindelig pære,Almindelig pære 'Beech Hill',30
Pyramide sølvløn,Pyramidesølvløn,30
Smallbladet sølvblad,Smalbladet sølvblad,30
Paradisæble,Paradisæble 'John Downie',28
Almindelig æble,Almindelig æble 'Ingrid Marie',27
Hybrid-Lærk,Hybrid-lærk,26
Paradisæble,Paradisæble 'Red Sentinel',26
Almindelig æble,Almindelig æble 'Filippa',25
Japansk magnolia,Japansk magnolie,24
Kristtorn 'Blå',Blågrøn kristtorn,23
ildløn,Ildløn,22
Elm 'Fiorente',Hybridelm 'Fiorente',22
Sølvgran Nobilis,Sølvgran (Nobilis),22
Fyldtblomstret hestekastanie,Fyldtblomstret hestekastanje,20
Almindelig æble,Almindelig æble 'Rød Gråsten',19
Balsampoppel,Vestamerikansk balsampoppel,19
Æble 'Elstar',Paradisæble 'Elstar',19
Almindelig magnolia,Almindelig magnolie,19
Paradisæble,Paradisæble 'Dir. Moerland',17
Magnolia,Magnolie,17
Paradisæble,Paradisæble 'Rudolf',17
Ahorn,Freeman-løn,17
Ribs 'Rondom',Ribs,16
Hybrid-Guldregn,Hybrid-guldregn,16
Europæisk Humlebøg,Europæisk humlebøg,16
Sakhalin-kirsebær,Sakhalinkirsebær,16
Æble 'Hyslop',Paradisæble 'Hyslop',15
Æble,Sargents æble,14
Rød ananas æble,Almindelig æble 'Rød ananas',14
Douglasgran var. caesia,Grå douglasgran,14
Lærk,Hybrid-lærk,14
Kugle-robinie,Kuglerobinie,13
Yoshino-Kirsebær,Yoshino-kirsebær,13
Paradisæble,Paradisæble 'Professor Sprenger',13
Bærmispel 'Ballerina',Allegheny-bærmispel,13
Almindelig æble,Almindelig æble 'Aroma',13
Sødkirsebær 'Sunburst',Sødkirsebær,12
Almindelig æble,Almindelig æble 'Guldborg',11
Sødkirsebær 'Merton Glory',Sødkirsebær,10
Prydkirsebær ' Spire',Prydkirsebær,10
Selje Pil,Seljepil,10
Skærm elm,Skærmelm,10
'Cleveland' spidsløn,Spidsløn,10
Almindelig Benved,Almindelig benved,10
Amerikansk ask 'Autumn purple',Amerikansk ask,9
Lind,Parklind,9
Pære 'Doyenne de Comice',Almindelig pære 'Doyenne de Comice',9
Ellebladet røn,Almindelig røn,8
Kirsebær 'Sam',Sødkirsebær,8
Paradisæble,Paradisæble 'Red Splendor',8
Magnolia hybr. loebneri 'Merrill',Magnolie hybr. loebneri,8
Turner eg,Turner-eg,8
Solbær 'Ben Alder',Solbær,7
Ribs 'Jonkheer Van Tets',Ribs,7
Æble 'Holsteiner Cox',Almindelig æble 'Holsteiner Cox',7
Skarlagen-eg 'Splendens',Skarlagen-eg,7
Kolorado-gran,Koloradogran,7
Æble 'Jame Grieve',Almindelig æble 'James Grieve',7
Japansk paradisæble,Fujiyama-æble,7
Skovfyr fra Norge,Norsk skovfyr,7
Elm 'Vada',Hybridelm 'Vada',6
Søjle skovfyr,Søjle-skovfyr,6
Clara Frijs-pære,Almindelig pære 'Clara Frijs',6
Æble discovery,Almindelig æble 'Discovery',5
Æble 'Belle De Boskoop',Almindelig æble 'Rød Belle De Boskoop',5
Stilk-eg 'Pectinata',Stilkeg,5
Æble 'Katinka',Almindelig æble 'Katinka',5
Japansk Løn,Japansk løn,5
Kastanie,Kastanje,5
Almindelig æble,Almindelig æble 'Ildrød Pigeon',5
Cox orange æble,Almindelig æble 'Cox Orange',5
Ahorn 'Spaethii',Ahorn,5
Paradisæble,Japansk prydæble,4
Ene,Almindelig ene,4
Ene 'Sky Rocket',Blyant-ene,4
Æble 'Rød aroma',Almindelig æble 'Rød aroma',4
Skovæble 'Masyl',Skovæble,4
Blå Douglasgran,Blå douglasgran,4
Kirsebær 'Stella',Kirsebær,4
Bjerg-Hemlock,Bjerg-hemlock,3
Blomme,Blomme 'Toptaste',3
Olmsted løn,Spidsløn,3
Tempeltræ 'Saratoga',Tempeltræ,3
Kirsebær 'Kordia',Sødkirsebær,3
Hybrid-Troldnød,Hybrid-troldnød,3
Conference-pære,Almindelig pære 'Conference',3
Kirsebær 'Lapins',Sødkirsebær,3
Indiansk banan (Pawpaw),Indiansk banan (pawpaw),3
Glat Hestekastanje,Glat hestekastanje,3
Æble 'Bøghs citronæble',Almindelig æble 'Bøghs citronæble',3
Surbær,Sortfrugtet surbær,3
Charneau pære,Almindelig pære 'Charneau',3
Æble 'Nanna',Almindelig æble 'Nanna',3
Æble 'Snowdrift',Paradisæble,3
Æble 'Bramley's Seedlings',Almindelig æble 'Bramley's Seedling',3
Pære 'Herrepære',Almindelig pære 'Herrepære',3
Bitræ,Honningtræ,3
Alm. æble 'Cox Queen',Almindelig æble 'Cox Queen',3
Æble 'Topaz',Almindelig æble 'Topaz',3
Sødkirsebær 'Hedelfinger',Sødkirsebær,3
Sten-Eg,Sten-eg,2
Æble 'Alice Balsgaard',Almindelig æble 'Alice Balsgaard',2
Paradisæble,Paradisæble 'David',2
Benved,Storbladet benved,2
Purpur pil,Purpurpil,2
Alm. æble 'Signe Tillisch',Almindelig æble 'Signe Tillisch',2
Californisk Nøddetaks,Californisk nøddetaks,2
Parybusk,Parykbusk,2
Skarlagens Eg,Skarlagen-eg,2
Victoria-blomme,Blomme 'Victoria',2
Buxbom,Buksbom,2
Poppel,Gråpoppel,2
Sødkirsebær 'Dönnisens gule',Sødkirsebær,2
Pære,Almindelig pære,2
Tempeltræ 'Fastigata',Tempeltræ,2
Alm. æble 'Angold',Almindelig æble 'Angold',2
Rhusbladet Vingevalnød,Rhusbladet vingevalnød,2
Alm kladrastis,Almindelig kladrastis,2
Japansk Hemlock,Japansk hemlock,1
Sakhalin Kirsebær,Sakhalinkirsebær,1
Alm. æble 'Säftaholm',Almindelig æble 'Säftaholm',1
Æble rubinola,Almindelig æble 'Rubinola',1
Malus 'Spartan',Almindelig æble 'Spartan',1
Spansk Ædelgran,Spansk ædelgran,1
Gingko,Tempeltræ,1
Hybrid løn 'Annae',Hybrid-løn,1
Europæisk Judastræ,Europæisk judastræ,1
Elm 'Sapporo Autumn Gold',Hybridelm 'Sapporo Autumn Gold',1
Troldnød,Hybrid-troldnød,1
Tyrkisk Løn,Tyrkisk løn,1
Kirsebær 'Van',Sødkirsebær,1
Kugle ahorn,Kugleahorn,1
Alm. æble 'Åkerø Hassel',Almindelig æble 'Åkerø Hassel',1
Fuldmåne Løn,Fuldmåne-løn,1
Trompetkrone,Hybrid-trompetkrone,1
Hænge ask,Hængeask,1
Ellebladet Røn,Ellebladet røn,1
Tjørnebladet Løn,Tjørnebladet løn,1
Grøn Douglasgran,Grøn douglasgran,1
Pære 'Grev Moltke',Almindelig pære 'Grev Moltke',1
Vrietorn,Korsved,1
Virginsk hestekastanie,Virginsk hestekastanje,1
Poppel,Ontarisk poppel,1
Adams Guldregn,Adams guldregn,1
Askebladet Løn,Askebladet løn,1
Æble 'Gul Gråsten',Almindelig æble 'Gul Gråsten',1
Pragt robinie,Pragtrobinie,1
Æble 'Golden Delicious',Almindelig æble 'Golden Delicious',1
Kaukasisk Blærenød,Kaukasisk blærenød,1
Gul Hestekastanje,Gul hestekastanje,1
Armensk Eg,Armensk eg,1
Hyld,Almindelig hyld,1
Busk-hestekastanie,Busk-hestekastanje,1
Nældetræ,Kinesisk nældetræ,1
Alm. æble 'Goldparmäne',Almindelig æble 'Goldparmäne',1
Elm 'Regal',Hybridelm 'Regal',1
Sophora,Pagodetræ,1
Alm. æble 'Katja',Almindelig æble 'Katja',1
Rødbladet Stilkeg,Rødbladet stilkeg,1
